TÃ­tulo,Enlace
pymonetdb can not upload to MonetDB server from client,https://stackoverflow.com/questions/77232219/pymonetdb-can-not-upload-to-monetdb-server-from-client
"In the JAVA struts application HttpSession is having the session Id while HttpServlet requestArg, requestArg.getRequestedSessionId() is returning null",https://stackoverflow.com/questions/77232217/in-the-java-struts-application-httpsession-is-having-the-session-id-while-httpse
Merge Dataframe and Retain Shape,https://stackoverflow.com/questions/77232216/merge-dataframe-and-retain-shape
CITIZEN ENGAGEMENT WEBSITE FOR YOUR CONSTITUANCE,https://stackoverflow.com/questions/77232214/citizen-engagement-website-for-your-constituance
Indexing files in Azure Cognitive Search without indexers?,https://stackoverflow.com/questions/77232213/indexing-files-in-azure-cognitive-search-without-indexers
I sometimes get this error when running python in vscode program,https://stackoverflow.com/questions/77232212/i-sometimes-get-this-error-when-running-python-in-vscode-program
How to solve error 403 Forbidden with Spring Security?,https://stackoverflow.com/questions/77232209/how-to-solve-error-403-forbidden-with-spring-security
Sending Email if a Cell in Range is Blank,https://stackoverflow.com/questions/77232207/sending-email-if-a-cell-in-range-is-blank
How to transfer data from table in one region to another region in BigQuery?,https://stackoverflow.com/questions/77232204/how-to-transfer-data-from-table-in-one-region-to-another-region-in-bigquery
Why page is blank?,https://stackoverflow.com/questions/77232203/why-page-is-blank
